DeveloperKey,DeveloperName,NumberGamesDeveloped,AsOfFullDate
rockstar-games,Rockstar Games,23,2020-11-29
sce-santa-monica-studio,SCE Santa Monica Studio,8,2020-11-29
insomniac-games,Insomniac Games,33,2020-11-29
quantic-dream,Quantic Dream,8,2020-11-29
capcom,Capcom,395,2020-11-29
ubisoft,Ubisoft,298,2020-11-29
eidos-montreal,Eidos Montreal,11,2020-11-29
io-interactive-2,IO Interactive,35,2020-11-29
deep-silver,Deep Silver,36,2020-11-29
motion-twin,Motion Twin,6,2020-11-29
facepunch-studios,Facepunch Studios,7,2020-11-29
unknown-worlds-entertainment,Unknown Worlds Entertainment,4,2020-11-29
matt-makes-games-inc,Matt Makes Games Inc.,2,2020-11-29
dontnod-entertainment,DONTNOD Entertainment,9,2020-11-29
innersloth,Innersloth,2,2020-11-29
fromsoftware,FromSoftware,60,2020-11-29
playground-games,Playground Games,9,2020-11-29
electronic-arts,Electronic Arts,316,2020-11-29
11-bit-studios,11 Bit Studios,18,2020-11-29
nomada-studio,Nomada Studio,1,2020-11-29
endnight-games-ltd,Endnight Games Ltd,2,2020-11-29
fatshark,Fatshark,17,2020-11-29
cd-projekt-red,CD PROJEKT RED,16,2020-11-29
landfall,Landfall,6,2020-11-29
rare,Rare,88,2020-11-29
guts-department,GUTS Department,1,2020-11-29
kaiko,Kaiko,10,2020-11-29
iguanabee,IguanaBee,1,2020-11-29
ninja-theory,Ninja Theory,19,2020-11-29
subset-games,Subset Games,3,2020-11-29
vox,Vox,6,2020-11-29
gunfire-games,Gunfire Games,7,2020-11-29
codemasters,Codemasters,95,2020-11-29
hi-rez-studios,Hi-Rez Studios,29,2020-11-29
activision,Activision,167,2020-11-29
tencent-games,Tencent Games,9,2020-11-29
funcom-oslo-as,Funcom Oslo A/S,3,2020-11-29
bethesda-game-studios,Bethesda Game Studios,32,2020-11-29
two-point-studios,Two Point Studios,1,2020-11-29
plug-in-digital,Plug In Digital,209,2020-11-29
developer-3909,3909,4,2020-11-29
aquiris-game-studio,Aquiris Game Studio,4,2020-11-29
haemimont-games,Haemimont Games,37,2020-11-29
electronic-arts-vancouver,Electronic Arts Vancouver,8,2020-11-29
blazing-griffin,Blazing Griffin,6,2020-11-29
nintendo,Nintendo,396,2020-11-29
darkflow-software,Darkflow Software,2,2020-11-29
lazy-bear-games,Lazy Bear Games,3,2020-11-29
bandai-namco-entertainment-america-inc,BANDAI NAMCO Entertainment America Inc.,151,2020-11-29
orange_juice,Orange_Juice,9,2020-11-29
beenox,Beenox,31,2020-11-29
ghost-town-games-ltd,Ghost Town Games Ltd.,4,2020-11-29
klei-entertainment,Klei Entertainment,21,2020-11-29
cheerdealers,Cheerdealers,3,2020-11-29
big-bad-wolf,Big Bad Wolf,2,2020-11-29
cyanide-studio,Cyanide Studio,63,2020-11-29
arc-system-works,Arc System Works,82,2020-11-29
undead-labs,Undead Labs,10,2020-11-29
owlcat-games,Owlcat Games,7,2020-11-29
frontier-developments,Frontier Developments,35,2020-11-29
contingent99,Contingent99,2,2020-11-29
avalanche-studios,Avalanche Studios,17,2020-11-29
devolver-digital,Devolver Digital,55,2020-11-29
joakim-sandberg,Joakim Sandberg,3,2020-11-29
coldwood-interactive,Coldwood Interactive,9,2020-11-29
d3t,d3t,3,2020-11-29
drinkbox-studios-2,DrinkBox Studios,6,2020-11-29
stitch-heads-entertainment,Stitch Heads Entertainment,1,2020-11-29
larian-studios,Larian Studios,16,2020-11-29
hyperbolic-magnetism,Hyperbolic Magnetism,9,2020-11-29
square-enix,Square Enix,295,2020-11-29
sce-japan-studio,SCE Japan Studio,22,2020-11-29
scavengers-studio,Scavengers Studio,1,2020-11-29
sega,SEGA,509,2020-11-29
obsidian-entertainment,Obsidian Entertainment,36,2020-11-29
creativeforge-games,CreativeForge Games,5,2020-11-29
flow-fire,Flow Fire,1,2020-11-29
thq-nordic,THQ Nordic,66,2020-11-29
ghost-ship-games,Ghost Ship Games,1,2020-11-29
toxic-games,Toxic Games,4,2020-11-29
505-games,505 Games,51,2020-11-29
thing-trunk,Thing Trunk,3,2020-11-29
compulsion-games,Compulsion Games,6,2020-11-29
alawar-entertainment,Alawar Entertainment,187,2020-11-29
harebrained-schemes,Harebrained Schemes,12,2020-11-29
secret-location-inc,Secret Location Inc.,2,2020-11-29
caged-element-inc,Caged Element Inc.,1,2020-11-29
playdigious,Playdigious,22,2020-11-29
arkane-studios,Arkane Studios,20,2020-11-29
lunarch-studios,Lunarch Studios,1,2020-11-29
villa-gorilla,Villa Gorilla,1,2020-11-29
sc-jogos,SC Jogos,8,2020-11-29
curve-digital,Curve Digital,37,2020-11-29
rebellion,Rebellion,50,2020-11-29
bit-kid-inc,"Bit Kid, Inc.",2,2020-11-29
destructive-creations,Destructive Creations,4,2020-11-29
flippfly-llc-2,"Flippfly, LLC",4,2020-11-29
deconstructeam,Deconstructeam,11,2020-11-29
pavel-kostin,Pavel Kostin,1,2020-11-29
total-mayhem-games,Total Mayhem Games,3,2020-11-29
bugbear-entertainment,Bugbear Entertainment,8,2020-11-29
raw-fury,Raw Fury,10,2020-11-29
focus-home-interactive,Focus Home Interactive,28,2020-11-29
adult-swim-2,Adult Swim,10,2020-11-29
daedalic-entertainment,Daedalic Entertainment,60,2020-11-29
dumb-and-fat-games,Dumb and Fat Games,4,2020-11-29
beautiful-glitch,Beautiful Glitch,3,2020-11-29
telltale-games,Telltale Games,131,2020-11-29
crytek,Crytek,24,2020-11-29
kiko,КиКо,15,2020-11-29
bulwark-studios,Bulwark Studios,3,2020-11-29
cellar-door-games,Cellar Door Games,3,2020-11-29
cccp,CCCP,4,2020-11-29
firecast-studio,Firecast Studio,1,2020-11-29
buckshot-software,Buckshot Software,1,2020-11-29
stoic,Stoic,6,2020-11-29
the-voxel-agents,The Voxel Agents,5,2020-11-29
enhance-games,Enhance Games,5,2020-11-29
annapurna-interactive,Annapurna Interactive,9,2020-11-29
turtle-juice,Turtle Juice,1,2020-11-29
acquire-corp,ACQUIRE Corp.,8,2020-11-29
imagination-sc,IMAGINATION S.C.,3,2020-11-29
tate-multimedia,Tate Multimedia,8,2020-11-29
exordium-games,Exordium Games,8,2020-11-29
lion-games-co-ltd,"Lion Games Co., Ltd.",1,2020-11-29
massive-monster,Massive Monster,6,2020-11-29
kikiyama,kikiyama,1,2020-11-29
2k,2K,60,2020-11-29
ellada-games,Ellada Games,1,2020-11-29
dapper-penguin-studios,Dapper Penguin Studios,2,2020-11-29
inti-creates,Inti Creates,35,2020-11-29
6-eyes-studio,6 Eyes Studio,3,2020-11-29
okomotive,Okomotive,1,2020-11-29
gaming-minds-studios,Gaming Minds Studios,10,2020-11-29
krome-studios,Krome Studios,26,2020-11-29
games-farm,Games Farm,7,2020-11-29
aurora44,Aurora44,2,2020-11-29
zachtronics,Zachtronics,13,2020-11-29
grip-digital,Grip Digital,3,2020-11-29
robot-gentleman,Robot Gentleman,4,2020-11-29
petroglyph,Petroglyph,20,2020-11-29
arbitrary-metric,Arbitrary Metric,2,2020-11-29
noctet-studio,Noctet Studio,1,2020-11-29
game-freak,Game Freak,47,2020-11-29
techland,Techland,50,2020-11-29
viktor-yurchuk,Viktor Yurchuk,1,2020-11-29
the-irregular-corporation,The Irregular Corporation,6,2020-11-29
ink-stains-games,Ink Stains Games,3,2020-11-29
modus-games-llc,Modus Games LLC,5,2020-11-29
dan-gary-games,Dan & Gary Games,1,2020-11-29
david-szymanski,David Szymanski,18,2020-11-29
the-wandering-ben,The Wandering Ben,1,2020-11-29
snowhound-games,Snowhound Games,1,2020-11-29
bossa-studios,Bossa Studios,14,2020-11-29
lo-fi-games,Lo-Fi Games,1,2020-11-29
davekki-studios-ltd,D'Avekki Studios Ltd,3,2020-11-29
empyrean,Empyrean,6,2020-11-29
team17-digital,Team17 Digital,100,2020-11-29
blue-wizard-digital,Blue Wizard Digital,3,2020-11-29
rekim,Rekim,1,2020-11-29
team-reptile,Team Reptile,4,2020-11-29
paper-castle-games,Paper Castle Games,2,2020-11-29
homebearstudio,HomeBearStudio,1,2020-11-29
boss-key-productions,Boss Key Productions,2,2020-11-29
n-square,N-square,1,2020-11-29
kenny-guillaume,Kenny Guillaume,5,2020-11-29
daniel-mullins-games,Daniel Mullins Games,5,2020-11-29
curiobot,Curiobot,2,2020-11-29
sabotage,Sabotage,1,2020-11-29
new-world-interactive,New World Interactive,3,2020-11-29
ronimo-games,Ronimo Games,13,2020-11-29
proxy-studios,Proxy Studios,4,2020-11-29
teamcoil,teamCOIL,1,2020-11-29
milestone,Milestone,52,2020-11-29
sony-interactive-entertainment,Sony Interactive Entertainment,649,2020-11-29
capybara-games,Capybara Games,6,2020-11-29
konami-digital-entertainment,Konami Digital Entertainment,415,2020-11-29
neocoregames-2,NeoCoreGames,5,2020-11-29
hitcentscom-inc,"Hitcents.com, Inc.",18,2020-11-29
rebuilt-games,Rebuilt Games,1,2020-11-29
atomteam,AtomTeam,3,2020-11-29
rusty-lake,Rusty Lake,18,2020-11-29
redruins-softworks,RedRuins Softworks,1,2020-11-29
serenity-forge,Serenity Forge,12,2020-11-29
playstation-mobile-inc,PlayStation Mobile Inc.,23,2020-11-29
spiderweb-software,Spiderweb Software,26,2020-11-29
cantaloupe-kids,Cantaloupe Kids,1,2020-11-29
aurumdust,AurumDust,4,2020-11-29
wonderstruck,Wonderstruck,2,2020-11-29
monkeycraft,Monkeycraft,1,2020-11-29
valve-software,Valve Software,39,2020-11-29
stunlock-studios,Stunlock Studios,5,2020-11-29
ludenio,Luden.io,9,2020-11-29
amanita-design,Amanita Design,17,2020-11-29
osmotic-studios,Osmotic Studios,3,2020-11-29
russian-fishing,Russian Fishing,1,2020-11-29
travellers-tales,Traveller's Tales,68,2020-11-29
trion-network-inc,Trion Network Inc.,11,2020-11-29
tantalus,Tantalus,9,2020-11-29
polyarc-inc,"Polyarc, Inc.",1,2020-11-29
saibot-studios,Saibot Studios,7,2020-11-29
microsoft-corporation,Microsoft Corporation,19,2020-11-29
behaviour-digital-inc,Behaviour Digital Inc.,4,2020-11-29
croteam,Croteam,29,2020-11-29
dynamic-pixels,Dynamic Pixels,13,2020-11-29
jackbox-games,Jackbox Games,12,2020-11-29
ap-thomson,AP Thomson,1,2020-11-29
polyknight-games,PolyKnight Games,6,2020-11-29
ninja-kiwi,Ninja Kiwi,36,2020-11-29
puppygames,Puppygames,8,2020-11-29
king-art,KING Art,20,2020-11-29
xd-network-inc,X.D. Network Inc.,10,2020-11-29
toby-fox,Toby Fox,3,2020-11-29
kverta,Kverta,2,2020-11-29
voidpoint,Voidpoint,1,2020-11-29
creepy-jar,Creepy Jar,1,2020-11-29
jesse-makkonen,Jesse Makkonen,5,2020-11-29
uppercut-games-pty-ltd-2,Uppercut Games PTY LTD,6,2020-11-29
alt-shift,Alt Shift,2,2020-11-29
flow-fire-games,Flow Fire Games,3,2020-11-29
scott-cawthon,Scott Cawthon,39,2020-11-29
loveshack-entertainment,Loveshack Entertainment,2,2020-11-29
streum-on-studio,Streum On Studio,3,2020-11-29
ohnoo-studio,OhNoo Studio,18,2020-11-29
digerati-distribution,Digerati Distribution,34,2020-11-29
killhouse-games,KillHouse Games,5,2020-11-29
nomad-games,Nomad Games,14,2020-11-29
coatsink,Coatsink,6,2020-11-29
booming-games,Booming Games,1,2020-11-29
stormind-games,Stormind Games,2,2020-11-29
asmodee-digital,Asmodee Digital,47,2020-11-29
capcom-usa-inc,"Capcom U.S.A., Inc.",88,2020-11-29
next-studio,Next Studio,4,2020-11-29
vaka-game-magazine,Vaka Game Magazine,4,2020-11-29
atlus-usa-inc,"Atlus U.S.A., Inc.",32,2020-11-29
sports-interactive-2,Sports Interactive,16,2020-11-29
play-cute,Play Cute,2,2020-11-29
spearhead-games,Spearhead Games,5,2020-11-29
thomas-bowker,Thomas Bowker,6,2020-11-29
koei-tecmo,Koei Tecmo,150,2020-11-29
webzen,Webzen,7,2020-11-29
lunar-ray-games,Lunar Ray Games,1,2020-11-29
kylotonn-entertainment,Kylotonn Entertainment,29,2020-11-29
claeys-brothers,Claeys Brothers,2,2020-11-29
experimental-gameplay-group,Experimental Gameplay Group,4,2020-11-29
10tons-ltd,10tons Ltd,45,2020-11-29
frecle-aps,frecle ApS,1,2020-11-29
metalhead-software-inc,Metalhead Software Inc.,4,2020-11-29
instinct-games,Instinct Games,3,2020-11-29
electronic-arts-tiburon-2,Electronic Arts Tiburon,75,2020-11-29
emilymgames,EmilyMGames,1,2020-11-29
digital-continue,Digital Continue,5,2020-11-29
monolith-soft,Monolith Soft,14,2020-11-29
quentin-lengele,Quentin Lengele,1,2020-11-29
neat-corporation,Neat Corporation,3,2020-11-29
dark-star,Dark Star,1,2020-11-29
34bigthings-srl,34BigThings srl,6,2020-11-29
crunching-koalas,Crunching Koalas,12,2020-11-29
netease-games,NetEase Games,45,2020-11-29
noble-muffins,Noble Muffins,5,2020-11-29
abstraction-games,Abstraction Games,20,2020-11-29
loki,Loki,1,2020-11-29
holospark,Holospark,5,2020-11-29
hal-laboratory,HAL Laboratory,63,2020-11-29
my-next-games,My Next Games,2,2020-11-29
toastielabs,ToastieLabs,4,2020-11-29
anton-kramskoi,Anton Kramskoi,1,2020-11-29
define-human-studios,Define Human Studios,1,2020-11-29
wadjet-eye-games,Wadjet Eye Games,13,2020-11-29
unfrozen,Unfrozen,3,2020-11-29
creative-assembly,Creative Assembly,65,2020-11-29
avocavo,Avocavo,3,2020-11-29
conchship-games,ConchShip Games,1,2020-11-29
fdg-entertainment-gmbh-cokg,FDG Entertainment GmbH & Co.KG,29,2020-11-29
ubisoft-toronto,Ubisoft Toronto,10,2020-11-29
mages-inc,MAGES. Inc.,49,2020-11-29
victor-moller,Victor Möller,1,2020-11-29
david-schneider,David Schneider,2,2020-11-29
quiet-river,Quiet River,23,2020-11-29
thin-matrix,Thin Matrix,1,2020-11-29
survios,Survios,7,2020-11-29
agafonoff,Agafonoff,3,2020-11-29
mighty-games,Mighty Games,5,2020-11-29
topstitch-games,Topstitch Games,2,2020-11-29
online-vision,Online Vision,5,2020-11-29
sirlin-games,Sirlin Games,4,2020-11-29
whale-rock-games,Whale Rock Games,3,2020-11-29
roman-glebenkov,Roman Glebenkov,1,2020-11-29
double-stallion-games,Double Stallion Games,5,2020-11-29
kvk-games,KvK Games,1,2020-11-29
kunos-simulazioni,Kunos Simulazioni,4,2020-11-29
lions-shade,Lion's Shade,4,2020-11-29
fabio-ferrara,Fabio Ferrara,11,2020-11-29
blizzard-entertainment-inc,"Blizzard Entertainment, Inc.",51,2020-11-29
merge-games-limited,Merge Games Limited,16,2020-11-29
stardock-entertainment,Stardock Entertainment,35,2020-11-29
koei-tecmo-america,KOEI TECMO America,91,2020-11-29
koyotis-studio,Koyotis Studio,1,2020-11-29
slipgate-studios,Slipgate Studios,3,2020-11-29
the-pokemon-company,The Pokemon Company,8,2020-11-29
slayone,Slay.one,1,2020-11-29
girlgame,GirlGame,7,2020-11-29
oxymoron-games,Oxymoron Games,1,2020-11-29
divertic,Divertic,12,2020-11-29
toadman-interactive,Toadman Interactive,3,2020-11-29
area-120,Area 120,2,2020-11-29
milkstone-studios,Milkstone Studios,24,2020-11-29
easy-game,Easy game,17,2020-11-29
mono-studio,Mono Studio,1,2020-11-29
myacg-studio,MyACG Studio,3,2020-11-29
pubg-corporation,PUBG Corporation,4,2020-11-29
kukhtenkov-georgiy,Kukhtenkov Georgiy,1,2020-11-29
gamers-for-good,Gamers for Good,2,2020-11-29
driving-force-games,Driving Force Games,1,2020-11-29
mandragora,Mandragora,3,2020-11-29
vostok-games,Vostok Games,2,2020-11-29
artifex-mundi,Artifex Mundi,85,2020-11-29
prototype-games,Prototype Games,1,2020-11-29
xminutesgames,XMinutesGames,2,2020-11-29
symmetric-games,Symmetric Games,1,2020-11-29
greenthumbstudios,GreenThumbStudios,1,2020-11-29
catness-game-studios,Catness Game Studios,3,2020-11-29
infogrames,Infogrames,48,2020-11-29
rs-games,RS Games,2,2020-11-29
noodlecake-studios-inc,Noodlecake Studios Inc,92,2020-11-29
snail-games,Snail Games,8,2020-11-29
cute-anime-girls,CUTE ANIME GIRLS,10,2020-11-29
the-secret-experiement,The Secret Experiement,1,2020-11-29
hubiao,HuBiao,3,2020-11-29
aksys-games,Aksys Games,68,2020-11-29
easygames,EasyGames,4,2020-11-29
gunpowder-games-llc,"Gunpowder Games, LLC",1,2020-11-29
natalie-de-corsair,Natalie De Corsair,1,2020-11-29
abstractart,AbstractArt,3,2020-11-29
digital-eclipse,Digital Eclipse,44,2020-11-29
foldergeist-studios,Foldergeist Studios,1,2020-11-29
oolblue-inc,O'olBlue Inc.,2,2020-11-29
freebird-games,Freebird Games,5,2020-11-29
wavedash-games,Wavedash Games,1,2020-11-29
interactive-stone,Interactive Stone,5,2020-11-29
monkeys-lab,Monkeys Lab.,2,2020-11-29
midgar-studio,Midgar Studio,3,2020-11-29
foxoft,Foxoft,1,2020-11-29
berzerk-studio,Berzerk Studio,4,2020-11-29
rlr-training-inc,RLR Training Inc,3,2020-11-29
garage-games,Garage Games,12,2020-11-29
lucasarts-entertainment,LucasArts Entertainment,95,2020-11-29
onyx-lute,Onyx Lute,3,2020-11-29
alex-barrett,Alex Barrett,1,2020-11-29
ratalaika-games-sl,Ratalaika Games S.L.,10,2020-11-29
ludosity,Ludosity,22,2020-11-29
the-farm-51,The Farm 51,14,2020-11-29
afbik-studio,AFBIK Studio,21,2020-11-29
over-the-moon,Over The Moon,2,2020-11-29
b4t-games,B4T Games,2,2020-11-29
totem-entertainment,Totem Entertainment,1,2020-11-29
russiandev,RussianDEV,1,2020-11-29
llc-blini-games,LLC Blini Games,3,2020-11-29
netdragon-websoft-inc-2,NetDragon Websoft Inc.,1,2020-11-29
headbang-club,Headbang Club,3,2020-11-29
on3d,ON3D,1,2020-11-29
egosoft,Egosoft,17,2020-11-29
playwith-inc,PLAYWITH Inc.,1,2020-11-29
azimut-team,azimut team,16,2020-11-29
behemutt,BEHEMUTT,2,2020-11-29
animu-game,Animu Game,3,2020-11-29
wiple-games,Wiple Games,1,2020-11-29
kev-jackson,Kev Jackson,7,2020-11-29
shotx-studio,ShotX Studio,8,2020-11-29
ocean-software,Ocean Software,41,2020-11-29
eathrabaria,Eathrabaria,3,2020-11-29
aerolab-studios-ltd,Aerolab Studios LTD,1,2020-11-29
sleepy-duck,Sleepy Duck,5,2020-11-29
ratalaika-games-sl-2,Ratalaika Games SL,36,2020-11-29
mega-cat-studios,Mega Cat Studios,7,2020-11-29
inxile-entertainment-2,InXile Entertainment,16,2020-11-29
silhouette-valley-games,Silhouette Valley Games,15,2020-11-29
paper-house-pty-ltd,Paper House Pty Ltd,1,2020-11-29
rival-games-ltd,Rival Games Ltd,3,2020-11-29
bilge-kaan,Bilge Kaan,5,2020-11-29
crazybunch,CrazyBunch,4,2020-11-29
auroch-digital,Auroch Digital,8,2020-11-29
breakpoint,Breakpoint,1,2020-11-29
plug-in-digital-ltd,Plug In Digital Ltd,18,2020-11-29
nis-america-inc,NIS America Inc.,84,2020-11-29
petite-games,Petite Games,19,2020-11-29
maraby,Maraby,1,2020-11-29
sandlot,SANDLOT,8,2020-11-29
team-dyo,Team DYO,1,2020-11-29
burst2flame-entertainment,Burst2Flame Entertainment,1,2020-11-29
grey-havens-llc,"Grey Havens, LLC",1,2020-11-29
virtual-top,Virtual Top,14,2020-11-29
kk-game-studio,KK Game Studio,1,2020-11-29
salsawi,Salsawi,6,2020-11-29
anuman-interactive,Anuman Interactive,44,2020-11-29
sky-ship-studios,Sky Ship Studios,1,2020-11-29
yeo,yeo,2,2020-11-29
mailcat07,mailcat07,1,2020-11-29
wizards-of-the-coast,Wizards of the Coast,8,2020-11-29
ripstone-ltd-2,Ripstone LTD,6,2020-11-29
astronomic-games,Astronomic Games,12,2020-11-29
abdulin-ildar,Abdulin Ildar,2,2020-11-29
choice-provisions,Choice Provisions,18,2020-11-29
simple-ghost,Simple Ghost,7,2020-11-29
tero-lunkka,Tero Lunkka,52,2020-11-29
supercell,Supercell,7,2020-11-29
all-those-moments,All Those Moments,4,2020-11-29
indiegala,IndieGala,3,2020-11-29
google,Google,8,2020-11-29
dreamz-studio,Dreamz Studio,3,2020-11-29
core-design,Core Design,46,2020-11-29
yeswecamp,yeswecamp,3,2020-11-29
directive-games-limited,Directive Games Limited,3,2020-11-29
application-systems-heidelberg,Application Systems Heidelberg,6,2020-11-29
patrick-oconnor,Patrick O'Connor,1,2020-11-29
wayforward-technologies,WayForward Technologies,65,2020-11-29
blowfish-studios,Blowfish Studios,8,2020-11-29
peevasseeq-games,peevasseeq games,2,2020-11-29
thomas-moon-kang,Thomas Moon Kang,2,2020-11-29
asicxart,AsicxArt,4,2020-11-29
ebi-hime,ebi-hime,35,2020-11-29
patyuk-sergey,Patyuk Sergey,2,2020-11-29
zoink,Zoink!,11,2020-11-29
